--
-- PostgreSQL database dump
--

-- Dumped from database version 16.3
-- Dumped by pg_dump version 16.3

SET statement_timeout = 0;
SET lock_timeout = 0;
SET idle_in_transaction_session_timeout = 0;
SET client_encoding = 'UTF8';
SET standard_conforming_strings = on;
SELECT pg_catalog.set_config('search_path', '', false);
SET check_function_bodies = false;
SET xmloption = content;
SET client_min_messages = warning;
SET row_security = off;

--
-- Data for Name: roles; Type: TABLE DATA; Schema: public; Owner: postgres
--

INSERT INTO public.roles (id, role_name) VALUES ('a7cc38e0-a411-4312-bdc7-82daf35a4c39', 'admin');
INSERT INTO public.roles (id, role_name) VALUES ('015f3ab0-73e1-47a7-af61-f4e23ef64f1d', 'user');
INSERT INTO public.roles (id, role_name) VALUES ('11ffc3ea-0c40-4153-a403-aa911fba8f0e', 'manager');
INSERT INTO public.roles (id, role_name) VALUES ('044ab7af-200b-4ce1-9674-9e3262795d94', 'benefit');


--
-- Data for Name: users; Type: TABLE DATA; Schema: public; Owner: postgres
--

INSERT INTO public.users (id, created_at, updated_at, deleted_at, name, phone_number, signature) VALUES ('755f5ad2-bb6d-49ec-829c-2041c08abdb1', '2024-08-05 17:45:50.601769+07', '2024-08-05 17:45:50.601769+07', NULL, 'Aku Benefit', '', '');
INSERT INTO public.users (id, created_at, updated_at, deleted_at, name, phone_number, signature) VALUES ('b6aff885-ec43-4be9-bbd2-9299e1018e3b', '2024-08-05 00:26:18.628594+07', '2024-08-08 22:27:28.202933+07', NULL, 'this user updated', '085555555555', 'https://res.cloudinary.com/dzawub9ea/image/upload/v1723115124/qx4afviw1pcurojcpz5o.png');
INSERT INTO public.users (id, created_at, updated_at, deleted_at, name, phone_number, signature) VALUES ('3da863f8-a297-40fd-96c0-2f73ae657a0f', '2024-08-07 13:11:46.170245+07', '2024-08-07 13:11:46.170245+07', NULL, 'said', '', '');
INSERT INTO public.users (id, created_at, updated_at, deleted_at, name, phone_number, signature) VALUES ('c0a83693-2d62-483a-b8c3-4fbb30dea23b', '2024-08-06 21:23:48.002596+07', '2024-08-06 21:26:29.785774+07', NULL, 'Aku Genji', '', '');
INSERT INTO public.users (id, created_at, updated_at, deleted_at, name, phone_number, signature) VALUES ('ece336ba-3488-4f64-81e5-3113c4a8e44f', '2024-08-07 20:39:23.749437+07', '2024-08-07 20:39:23.749437+07', NULL, 'Aku Genji', '', '');
INSERT INTO public.users (id, created_at, updated_at, deleted_at, name, phone_number, signature) VALUES ('664bd40d-c76d-42cf-b016-06b76aa11a89', '2024-08-07 20:43:16.95501+07', '2024-08-07 20:43:16.95501+07', NULL, 'Taqiya Genji', '', '');
INSERT INTO public.users (id, created_at, updated_at, deleted_at, name, phone_number, signature) VALUES ('fdc83546-36f0-49ce-9df9-4db9ebe0b7c8', '2024-08-07 20:44:18.991649+07', '2024-08-07 20:44:18.991649+07', NULL, 'cabam', '', '');
INSERT INTO public.users (id, created_at, updated_at, deleted_at, name, phone_number, signature) VALUES ('c853f150-00f2-41a7-8ac3-b571e5bb749f', '2024-08-07 21:11:04.087991+07', '2024-08-07 21:11:04.087991+07', NULL, 'mechiuw', '', '');
INSERT INTO public.users (id, created_at, updated_at, deleted_at, name, phone_number, signature) VALUES ('59fe632c-1ee2-4673-a991-8272ed084486', '2024-08-07 21:58:40.77538+07', '2024-08-07 21:58:40.77538+07', NULL, 'alamak', '', '');
INSERT INTO public.users (id, created_at, updated_at, deleted_at, name, phone_number, signature) VALUES ('9396b847-8379-4082-a0d4-2ad29aa39460', '2024-08-08 12:18:18.951885+07', '2024-08-08 12:18:18.951885+07', NULL, 'New User', '', '');
INSERT INTO public.users (id, created_at, updated_at, deleted_at, name, phone_number, signature) VALUES ('6cc0cb07-a0f7-4ad8-8b56-c505de95f061', '2024-08-08 12:19:11.831913+07', '2024-08-08 12:19:11.831913+07', NULL, 'Admin', '', '');
INSERT INTO public.users (id, created_at, updated_at, deleted_at, name, phone_number, signature) VALUES ('8462ae3b-b1ef-4110-87aa-c804a067d5ea', '2024-08-08 12:20:57.576929+07', '2024-08-08 12:20:57.576929+07', NULL, 'Galih Juansaputra', '', '');
INSERT INTO public.users (id, created_at, updated_at, deleted_at, name, phone_number, signature) VALUES ('0cbf09a9-05c8-437c-9649-8b8973ccf98d', '2024-08-08 18:15:08.367111+07', '2024-08-08 18:15:08.367111+07', NULL, 'Tes dev', '', '');
INSERT INTO public.users (id, created_at, updated_at, deleted_at, name, phone_number, signature) VALUES ('0c8b0ae4-e02c-4027-9d31-fa4b3c6bfb24', '2024-08-03 21:51:43.695425+07', '2024-08-08 18:23:06.626134+07', NULL, 'Aku Manager', '', 'https://res.cloudinary.com/dzawub9ea/image/upload/v1722951891/l70c861dpiclrg4lzcs3.png');
INSERT INTO public.users (id, created_at, updated_at, deleted_at, name, phone_number, signature) VALUES ('c5316c1c-f0f8-4974-8f93-9c948e516b17', '2024-08-08 18:34:44.637203+07', '2024-08-08 18:34:44.637203+07', NULL, 'Siman Suman', '', '');
INSERT INTO public.users (id, created_at, updated_at, deleted_at, name, phone_number, signature) VALUES ('e79e1b3e-6166-49db-b0fe-cc4d5d71d927', '2024-08-08 18:47:55.278357+07', '2024-08-08 18:47:55.278357+07', NULL, 'Rubanah', '', '');
INSERT INTO public.users (id, created_at, updated_at, deleted_at, name, phone_number, signature) VALUES ('06b1dc5d-37d1-47ad-bf9c-e3fa6e38c95c', '2024-08-08 18:55:33.811345+07', '2024-08-08 18:55:33.811345+07', NULL, 'Sluman Slumun', '', '');
INSERT INTO public.users (id, created_at, updated_at, deleted_at, name, phone_number, signature) VALUES ('62e6bc73-91ee-4e8f-bf0c-d004f18cffe5', '2024-08-08 18:56:47.696291+07', '2024-08-08 18:56:47.696291+07', NULL, 'Sluman Slumun', '', '');
INSERT INTO public.users (id, created_at, updated_at, deleted_at, name, phone_number, signature) VALUES ('aa41334d-7a41-43ce-acbf-77e7b3f2fcd5', '2024-08-08 19:08:27.414617+07', '2024-08-08 19:08:27.414617+07', NULL, 'Samijan', '', '');
INSERT INTO public.users (id, created_at, updated_at, deleted_at, name, phone_number, signature) VALUES ('3b51f33b-89aa-4f7e-ae91-dfa8312695db', '2024-08-08 20:37:49.579411+07', '2024-08-08 20:37:49.579411+07', NULL, 'Tes user', '', '');
INSERT INTO public.users (id, created_at, updated_at, deleted_at, name, phone_number, signature) VALUES ('3693e825-f2ef-4b4b-b93d-09fa8aabc875', '2024-08-08 21:07:32.926489+07', '2024-08-08 21:07:32.926489+07', NULL, 'Nama User', '', '');
INSERT INTO public.users (id, created_at, updated_at, deleted_at, name, phone_number, signature) VALUES ('6f157d13-e41b-457c-a149-2d8d38393167', '2024-08-03 21:44:59.207008+07', '2024-08-08 21:12:47.488284+07', NULL, 'Alvindo', '089111222333', 'https://res.cloudinary.com/dzawub9ea/image/upload/v1723023441/aoajfeduehsevjenlh9j.png');


--
-- Data for Name: accounts; Type: TABLE DATA; Schema: public; Owner: postgres
--

INSERT INTO public.accounts (id, created_at, updated_at, deleted_at, email, password, is_active, role_id, user_id) VALUES ('80086282-b623-4b94-b2cc-08ba3a5078a8', '2024-08-03 21:51:43.696423+07', '2024-08-08 18:23:06.624243+07', NULL, 'ucoktoll@yahoo.com', '$2a$10$9JNpuyv/bAJlOV2na06i2efTm5LwII/hrLKBsQKyyOF5xJT1xUrsO', true, '11ffc3ea-0c40-4153-a403-aa911fba8f0e', '0c8b0ae4-e02c-4027-9d31-fa4b3c6bfb24');
INSERT INTO public.accounts (id, created_at, updated_at, deleted_at, email, password, is_active, role_id, user_id) VALUES ('4d85a3d0-872e-40ed-8cff-901a3401164a', '2024-08-05 17:45:50.602491+07', '2024-08-05 17:48:55.298307+07', NULL, 'goj85910@tccho.com', '$2a$10$6ATZXlY3ESfvOlcO2DumZOSxeQFbyQb9P4dJ9lWWtnBKE6fI2m/pG', true, '044ab7af-200b-4ce1-9674-9e3262795d94', '755f5ad2-bb6d-49ec-829c-2041c08abdb1');
INSERT INTO public.accounts (id, created_at, updated_at, deleted_at, email, password, is_active, role_id, user_id) VALUES ('2a58483f-908c-4a62-bcab-419dadb660d4', '2024-08-07 20:39:23.750436+07', '2024-08-07 20:39:23.750436+07', NULL, 'newGenji@enigma.com', '$2a$10$wgs4z.LfdoF8H.8RFRJi..Arqs2Rjoeatyw89wn9DvHSJ4hPDxEqm', false, '015f3ab0-73e1-47a7-af61-f4e23ef64f1d', 'ece336ba-3488-4f64-81e5-3113c4a8e44f');
INSERT INTO public.accounts (id, created_at, updated_at, deleted_at, email, password, is_active, role_id, user_id) VALUES ('31372199-5169-40aa-a6ee-9be02f86420a', '2024-08-06 21:23:48.003943+07', '2024-08-06 21:26:29.783956+07', NULL, 'genji@enigma.com', '$2a$10$orDRa7ADnVMcXJZ4pmhOW.ICRV31AYutfHOGpr7FhYff4GMmVn/IS', false, '015f3ab0-73e1-47a7-af61-f4e23ef64f1d', 'c0a83693-2d62-483a-b8c3-4fbb30dea23b');
INSERT INTO public.accounts (id, created_at, updated_at, deleted_at, email, password, is_active, role_id, user_id) VALUES ('969073a2-5c2b-4457-8562-b491ae514e12', '2024-08-07 21:11:04.08899+07', '2024-08-07 21:11:04.08899+07', NULL, 'matthewdpk@gmail.com', '$2a$10$PhsdHgLzxAqiHNJFs3eOtOKemnx8A2YmKv3/JZWwOaRgYlUhXMqBi', false, 'a7cc38e0-a411-4312-bdc7-82daf35a4c39', 'c853f150-00f2-41a7-8ac3-b571e5bb749f');
INSERT INTO public.accounts (id, created_at, updated_at, deleted_at, email, password, is_active, role_id, user_id) VALUES ('b7616e3b-e456-4f61-8f96-379c43ac9c49', '2024-08-08 21:07:32.928525+07', '2024-08-08 21:54:12.098958+07', NULL, 'xxkrisx0@breezetoc.com', '$2a$10$FzZBcB49He8HICPg3cWR7OYbzEXFxpchaeCTDhJNWDbLc1HvoDl82', true, '015f3ab0-73e1-47a7-af61-f4e23ef64f1d', '3693e825-f2ef-4b4b-b93d-09fa8aabc875');
INSERT INTO public.accounts (id, created_at, updated_at, deleted_at, email, password, is_active, role_id, user_id) VALUES ('7ec9fa15-7c89-4fb1-978a-b6c9e56f4646', '2024-08-08 19:08:27.414617+07', '2024-08-08 19:30:40.334375+07', NULL, 'ccqvjvydiilvapmvqw@ytnhy.com', '$2a$10$rjPvvQ/y3x.3m2MOtQYf5eIIjF5PBg3OveJfONAqK9Cq3dCbdZLzG', true, '015f3ab0-73e1-47a7-af61-f4e23ef64f1d', 'aa41334d-7a41-43ce-acbf-77e7b3f2fcd5');
INSERT INTO public.accounts (id, created_at, updated_at, deleted_at, email, password, is_active, role_id, user_id) VALUES ('465a8bce-bf5f-4095-b1ea-67f2c0ff234d', '2024-08-08 18:47:55.280139+07', '2024-08-08 18:47:55.280139+07', NULL, 'poweva6648@alientex.coma', '$2a$10$GavpiuZhJMku5Z2vCx2GAuQxzxr38GU64VIsDi4aBftgEpZGC/hQa', false, '044ab7af-200b-4ce1-9674-9e3262795d94', 'e79e1b3e-6166-49db-b0fe-cc4d5d71d927');
INSERT INTO public.accounts (id, created_at, updated_at, deleted_at, email, password, is_active, role_id, user_id) VALUES ('4f218fc9-8da8-4ccb-b402-7bc7d99ec8ba', '2024-08-08 18:34:44.638198+07', '2024-08-08 19:30:40.479649+07', NULL, 'poweva6648@alientex.com', '$2a$10$SkYgVXdLL3UUVkMsw6uNCOEcprrJ8Zess7wrpfznh.KjbCTg5bfPK', true, '11ffc3ea-0c40-4153-a403-aa911fba8f0e', 'c5316c1c-f0f8-4974-8f93-9c948e516b17');
INSERT INTO public.accounts (id, created_at, updated_at, deleted_at, email, password, is_active, role_id, user_id) VALUES ('b9ca38aa-e5b1-47f8-b138-963fbde1f0fe', '2024-08-07 21:58:40.782423+07', '2024-08-07 21:58:40.782423+07', NULL, 'alamak@gmail.com', '$2a$10$FZp8e6hx4NWKX2YXapNYdeYP2ojx8Muc4NrFk8IpvbOo8qQLCdWYG', false, 'a7cc38e0-a411-4312-bdc7-82daf35a4c39', '59fe632c-1ee2-4673-a991-8272ed084486');
INSERT INTO public.accounts (id, created_at, updated_at, deleted_at, email, password, is_active, role_id, user_id) VALUES ('ca8cedfc-7003-476d-8602-f18630571115', '2024-08-07 13:11:46.17121+07', '2024-08-07 13:11:46.17121+07', NULL, 'sayyidnurc123@gmail.com', '$2a$10$IUuxmFAkoCfoJIJgWt3Yt.uL2DGXWxjJGpBwLwyWgaM50hJGhMr0S', true, '015f3ab0-73e1-47a7-af61-f4e23ef64f1d', '3da863f8-a297-40fd-96c0-2f73ae657a0f');
INSERT INTO public.accounts (id, created_at, updated_at, deleted_at, email, password, is_active, role_id, user_id) VALUES ('b8e6e610-c0de-42f2-b00e-9db2dba629ac', '2024-08-08 18:55:33.812317+07', '2024-08-08 18:55:33.812317+07', NULL, 'hinatyte@pelagius.net', '$2a$10$9ohydK9wum/mRix2aJ5Vc.an2cHNIAiCxpZLtMDpt6W7/1rV.LuVO', false, '015f3ab0-73e1-47a7-af61-f4e23ef64f1d', '06b1dc5d-37d1-47ad-bf9c-e3fa6e38c95c');
INSERT INTO public.accounts (id, created_at, updated_at, deleted_at, email, password, is_active, role_id, user_id) VALUES ('7d8e6413-55b4-4fa8-b0ca-c4f4ef5fb9f2', '2024-08-08 18:56:47.696528+07', '2024-08-08 18:56:47.696528+07', NULL, 'sudrirarzu@gufum.com', '$2a$10$vr9KjMFVF5o9MJl87QCKDuFGYoxwKdQaJioFveMBKFVTybA9A4vq2', false, '015f3ab0-73e1-47a7-af61-f4e23ef64f1d', '62e6bc73-91ee-4e8f-bf0c-d004f18cffe5');
INSERT INTO public.accounts (id, created_at, updated_at, deleted_at, email, password, is_active, role_id, user_id) VALUES ('f9d2dab1-7009-4dfc-806f-88ce9acd35eb', '2024-08-07 20:43:16.95501+07', '2024-08-07 20:43:16.95501+07', NULL, 'genjiTokyo@gmail.com', '$2a$10$3yd28uWi7pbh0konpMNyj.2O2UUtkIIlR632.3HwX8eZ74l/Hvchy', false, '015f3ab0-73e1-47a7-af61-f4e23ef64f1d', '664bd40d-c76d-42cf-b016-06b76aa11a89');
INSERT INTO public.accounts (id, created_at, updated_at, deleted_at, email, password, is_active, role_id, user_id) VALUES ('be48ae68-18b6-497b-a9f9-2f392775a1f9', '2024-08-07 20:44:18.991649+07', '2024-08-07 20:45:44.987205+07', NULL, 'cabam11336@luvnish.com', '$2a$10$OpZ4NjP6azG12RweOItETux6iJ.m6.YezwkN0wbfbnp1FDDgl0c4i', true, '015f3ab0-73e1-47a7-af61-f4e23ef64f1d', 'fdc83546-36f0-49ce-9df9-4db9ebe0b7c8');
INSERT INTO public.accounts (id, created_at, updated_at, deleted_at, email, password, is_active, role_id, user_id) VALUES ('7a684a95-e56c-4672-afa6-f8705b5f5bbf', '2024-08-08 20:37:49.582628+07', '2024-08-08 20:38:17.747641+07', NULL, 'coeqe389@chahcyrans.com', '$2a$10$KvRPcApz1ErufpqaD33eYunkoeqpv3O09o1hg/xcBIstEH7nsB6gS', true, '015f3ab0-73e1-47a7-af61-f4e23ef64f1d', '3b51f33b-89aa-4f7e-ae91-dfa8312695db');
INSERT INTO public.accounts (id, created_at, updated_at, deleted_at, email, password, is_active, role_id, user_id) VALUES ('fa4241be-4d92-486f-a9b7-3d571dd18739', '2024-08-08 12:18:18.966891+07', '2024-08-08 12:18:18.966891+07', NULL, 'newUser@mail.com', '$2a$10$Iz2y3rrp1z1i4j7rY83npuuocIrHqazf2H6X6PlkeAWs4K15Ifhcm', false, '015f3ab0-73e1-47a7-af61-f4e23ef64f1d', '9396b847-8379-4082-a0d4-2ad29aa39460');
INSERT INTO public.accounts (id, created_at, updated_at, deleted_at, email, password, is_active, role_id, user_id) VALUES ('109793a5-fb48-4572-9098-7b835c240efc', '2024-08-08 12:19:11.833018+07', '2024-08-08 12:19:11.833018+07', NULL, 'admin@admin.com', '$2a$10$wdDycwBFmOcND1K5rDgTTuI/4V0WSQamEl2Uer6W1WJjuhDDEl6TG', false, 'a7cc38e0-a411-4312-bdc7-82daf35a4c39', '6cc0cb07-a0f7-4ad8-8b56-c505de95f061');
INSERT INTO public.accounts (id, created_at, updated_at, deleted_at, email, password, is_active, role_id, user_id) VALUES ('d358fed9-7b51-4dd2-bfc0-8938cfab73f1', '2024-08-08 12:20:57.577864+07', '2024-08-08 12:20:57.577864+07', NULL, 'galih.juansaputra@gmail.com', '$2a$10$1DmLF5nQyV6Z.m4s.dVp0u257CbrqWcQffwXUr.yX5k4m.NqYpcki', false, 'a7cc38e0-a411-4312-bdc7-82daf35a4c39', '8462ae3b-b1ef-4110-87aa-c804a067d5ea');
INSERT INTO public.accounts (id, created_at, updated_at, deleted_at, email, password, is_active, role_id, user_id) VALUES ('4a16d257-d464-4095-8e6c-132147e0693b', '2024-08-08 18:15:08.368107+07', '2024-08-08 18:15:08.368107+07', NULL, 'tesdev@mail.com', '$2a$10$VHiSoAGvo8kcQQ4sHHNXReQLyqNWHutDomA63xn2jOSO.Lz98n1Dy', false, '015f3ab0-73e1-47a7-af61-f4e23ef64f1d', '0cbf09a9-05c8-437c-9649-8b8973ccf98d');
INSERT INTO public.accounts (id, created_at, updated_at, deleted_at, email, password, is_active, role_id, user_id) VALUES ('f1011a42-d6a2-4ffc-afb4-c5bdd359c581', '2024-08-05 00:26:18.629098+07', '2024-08-08 22:27:28.189945+07', NULL, 'epc41805@zccck.com', '$2a$10$rY8S5EiPaMUuo84nzQTi7OJSQStYdgqJROg3i2yb1qtv7VbDXLqgm', true, '015f3ab0-73e1-47a7-af61-f4e23ef64f1d', 'b6aff885-ec43-4be9-bbd2-9299e1018e3b');
INSERT INTO public.accounts (id, created_at, updated_at, deleted_at, email, password, is_active, role_id, user_id) VALUES ('20485121-0dad-4cff-9034-caa50cd93399', '2024-08-03 21:44:59.207958+07', '2024-08-08 21:12:47.485886+07', NULL, 'alvindo56@gmail.com', '$2a$10$bDGIbpqdhdu0b2B6Uw1yDeCm18FbIs7MHLlDeDVy4WbBdXjIGggRK', true, 'a7cc38e0-a411-4312-bdc7-82daf35a4c39', '6f157d13-e41b-457c-a149-2d8d38393167');


--
-- Data for Name: status_time_sheets; Type: TABLE DATA; Schema: public; Owner: postgres
--

INSERT INTO public.status_time_sheets (id, status_name) VALUES ('c979f8d7-c1ba-441a-a17b-d0e3d8d0eaac', 'created');
INSERT INTO public.status_time_sheets (id, status_name) VALUES ('84dad767-1457-479a-ac9b-c14e0f36aeaf', 'pending');
INSERT INTO public.status_time_sheets (id, status_name) VALUES ('4166b710-126b-43bf-9086-0a941733db02', 'approved');
INSERT INTO public.status_time_sheets (id, status_name) VALUES ('cdcc8a4a-f8f8-4750-9756-47f743216d6b', 'rejected');
INSERT INTO public.status_time_sheets (id, status_name) VALUES ('0bfc9fbe-ccec-4488-a393-02670680deb7', 'accepted');
INSERT INTO public.status_time_sheets (id, status_name) VALUES ('8d31eac1-3d39-4fc0-8a42-e8683e05251a', 'denied');


--
-- Data for Name: time_sheets; Type: TABLE DATA; Schema: public; Owner: postgres
--

INSERT INTO public.time_sheets (id, created_at, updated_at, deleted_at, confirmed_manager_by, confirmed_benefit_by, status_time_sheet_id, user_id) VALUES ('e5221fbd-fffe-41a8-be78-6c648e6e422a', '2024-08-06 16:22:06.383815+07', '2024-08-06 16:57:48.392205+07', '2024-08-06 16:57:48.392202+07', '', '', '8d31eac1-3d39-4fc0-8a42-e8683e05251a', 'b6aff885-ec43-4be9-bbd2-9299e1018e3b');
INSERT INTO public.time_sheets (id, created_at, updated_at, deleted_at, confirmed_manager_by, confirmed_benefit_by, status_time_sheet_id, user_id) VALUES ('cd769764-df49-4bed-9e4b-66e3ffcabea4', '2024-08-06 18:39:30.61481+07', '2024-08-06 18:39:30.61481+07', NULL, '0c8b0ae4-e02c-4027-9d31-fa4b3c6bfb24', '', '8d31eac1-3d39-4fc0-8a42-e8683e05251a', 'b6aff885-ec43-4be9-bbd2-9299e1018e3b');
INSERT INTO public.time_sheets (id, created_at, updated_at, deleted_at, confirmed_manager_by, confirmed_benefit_by, status_time_sheet_id, user_id) VALUES ('537873c0-4628-4d72-b8f6-cd90b8f81bd8', '2024-08-06 17:56:48.160604+07', '2024-08-06 17:56:48.160604+07', NULL, '0c8b0ae4-e02c-4027-9d31-fa4b3c6bfb24', '755f5ad2-bb6d-49ec-829c-2041c08abdb1', '4166b710-126b-43bf-9086-0a941733db02', 'b6aff885-ec43-4be9-bbd2-9299e1018e3b');
INSERT INTO public.time_sheets (id, created_at, updated_at, deleted_at, confirmed_manager_by, confirmed_benefit_by, status_time_sheet_id, user_id) VALUES ('a8162ec9-bcf6-476c-a7e5-b673ce4e60f1', '2024-08-06 16:03:02.281071+07', '2024-08-06 16:15:25.763959+07', '2024-08-06 16:15:25.76397+07', '0c8b0ae4-e02c-4027-9d31-fa4b3c6bfb24', '755f5ad2-bb6d-49ec-829c-2041c08abdb1', '4166b710-126b-43bf-9086-0a941733db02', 'b6aff885-ec43-4be9-bbd2-9299e1018e3b');
INSERT INTO public.time_sheets (id, created_at, updated_at, deleted_at, confirmed_manager_by, confirmed_benefit_by, status_time_sheet_id, user_id) VALUES ('f0bddeaf-8be6-406e-ae3b-fd618524eeda', '2024-08-06 17:41:38.807961+07', '2024-08-07 15:33:08.702467+07', NULL, '0c8b0ae4-e02c-4027-9d31-fa4b3c6bfb24', '755f5ad2-bb6d-49ec-829c-2041c08abdb1', 'cdcc8a4a-f8f8-4750-9756-47f743216d6b', 'b6aff885-ec43-4be9-bbd2-9299e1018e3b');
INSERT INTO public.time_sheets (id, created_at, updated_at, deleted_at, confirmed_manager_by, confirmed_benefit_by, status_time_sheet_id, user_id) VALUES ('df9c3c6e-fbd3-496d-93d3-7f509dc198bd', '2024-08-07 14:01:28.063369+07', '2024-08-07 21:03:56.054179+07', NULL, '0c8b0ae4-e02c-4027-9d31-fa4b3c6bfb24', '', '8d31eac1-3d39-4fc0-8a42-e8683e05251a', 'b6aff885-ec43-4be9-bbd2-9299e1018e3b');
INSERT INTO public.time_sheets (id, created_at, updated_at, deleted_at, confirmed_manager_by, confirmed_benefit_by, status_time_sheet_id, user_id) VALUES ('00b1cb80-e1a1-4bdb-a75e-14553b147da7', '2024-08-06 19:20:52.492088+07', '2024-08-07 10:49:35.204652+07', NULL, '0c8b0ae4-e02c-4027-9d31-fa4b3c6bfb24', '', '8d31eac1-3d39-4fc0-8a42-e8683e05251a', 'b6aff885-ec43-4be9-bbd2-9299e1018e3b');
INSERT INTO public.time_sheets (id, created_at, updated_at, deleted_at, confirmed_manager_by, confirmed_benefit_by, status_time_sheet_id, user_id) VALUES ('5a5422d5-6a8f-4fb2-b089-04b41ba1d621', '2024-08-07 20:46:22.508797+07', '2024-08-07 21:04:31.383567+07', NULL, '0c8b0ae4-e02c-4027-9d31-fa4b3c6bfb24', '755f5ad2-bb6d-49ec-829c-2041c08abdb1', '4166b710-126b-43bf-9086-0a941733db02', 'fdc83546-36f0-49ce-9df9-4db9ebe0b7c8');
INSERT INTO public.time_sheets (id, created_at, updated_at, deleted_at, confirmed_manager_by, confirmed_benefit_by, status_time_sheet_id, user_id) VALUES ('c37654b1-d210-4c2d-a5c9-9518ff00abbf', '2024-08-07 13:55:15.314668+07', '2024-08-07 21:04:35.975719+07', NULL, '0c8b0ae4-e02c-4027-9d31-fa4b3c6bfb24', '755f5ad2-bb6d-49ec-829c-2041c08abdb1', 'cdcc8a4a-f8f8-4750-9756-47f743216d6b', 'b6aff885-ec43-4be9-bbd2-9299e1018e3b');
INSERT INTO public.time_sheets (id, created_at, updated_at, deleted_at, confirmed_manager_by, confirmed_benefit_by, status_time_sheet_id, user_id) VALUES ('16c6d27f-2d9d-44ec-8e23-8af8e445ab39', '2024-08-07 11:30:45.983274+07', '2024-08-07 12:02:21.041609+07', '2024-08-07 12:02:21.04144+07', '', '', 'c979f8d7-c1ba-441a-a17b-d0e3d8d0eaac', 'b6aff885-ec43-4be9-bbd2-9299e1018e3b');
INSERT INTO public.time_sheets (id, created_at, updated_at, deleted_at, confirmed_manager_by, confirmed_benefit_by, status_time_sheet_id, user_id) VALUES ('46bbf8f0-3862-4ec5-a6e7-b3eb63a76b51', '2024-08-06 23:05:35.638691+07', '2024-08-07 14:15:03.81683+07', NULL, '0c8b0ae4-e02c-4027-9d31-fa4b3c6bfb24', '', '8d31eac1-3d39-4fc0-8a42-e8683e05251a', 'b6aff885-ec43-4be9-bbd2-9299e1018e3b');
INSERT INTO public.time_sheets (id, created_at, updated_at, deleted_at, confirmed_manager_by, confirmed_benefit_by, status_time_sheet_id, user_id) VALUES ('25c76ca8-902e-44c8-aa9b-ea3aee73fb79', '0001-01-01 06:42:04+06:42:04', '2024-08-07 21:15:25.092596+07', '2024-08-07 21:15:25.092836+07', '', '', 'c979f8d7-c1ba-441a-a17b-d0e3d8d0eaac', 'b6aff885-ec43-4be9-bbd2-9299e1018e3b');
INSERT INTO public.time_sheets (id, created_at, updated_at, deleted_at, confirmed_manager_by, confirmed_benefit_by, status_time_sheet_id, user_id) VALUES ('f3355d03-6a1e-4bc5-a3bf-a0f8c0df5241', '0001-01-01 06:42:04+06:42:04', '2024-08-07 21:16:17.268852+07', '2024-08-07 21:16:17.269085+07', '', '', 'c979f8d7-c1ba-441a-a17b-d0e3d8d0eaac', 'b6aff885-ec43-4be9-bbd2-9299e1018e3b');
INSERT INTO public.time_sheets (id, created_at, updated_at, deleted_at, confirmed_manager_by, confirmed_benefit_by, status_time_sheet_id, user_id) VALUES ('b04cead6-b17b-41e9-9fde-514f1ed8cd7e', '2024-08-07 11:31:48.374514+07', '2024-08-07 21:37:27.289969+07', NULL, '0c8b0ae4-e02c-4027-9d31-fa4b3c6bfb24', '', '0bfc9fbe-ccec-4488-a393-02670680deb7', 'b6aff885-ec43-4be9-bbd2-9299e1018e3b');
INSERT INTO public.time_sheets (id, created_at, updated_at, deleted_at, confirmed_manager_by, confirmed_benefit_by, status_time_sheet_id, user_id) VALUES ('4c9b06e9-ae9a-4a41-97e3-9069ecc1a27c', '2024-08-06 16:52:48.235116+07', '2024-08-07 14:25:15.805195+07', NULL, '0c8b0ae4-e02c-4027-9d31-fa4b3c6bfb24', '755f5ad2-bb6d-49ec-829c-2041c08abdb1', '4166b710-126b-43bf-9086-0a941733db02', 'b6aff885-ec43-4be9-bbd2-9299e1018e3b');
INSERT INTO public.time_sheets (id, created_at, updated_at, deleted_at, confirmed_manager_by, confirmed_benefit_by, status_time_sheet_id, user_id) VALUES ('bd34b5c5-f15d-4701-a9f8-1a122a45e7f1', '2024-08-06 19:36:25.608317+07', '2024-08-08 15:30:39.294598+07', NULL, '0c8b0ae4-e02c-4027-9d31-fa4b3c6bfb24', '', '8d31eac1-3d39-4fc0-8a42-e8683e05251a', 'b6aff885-ec43-4be9-bbd2-9299e1018e3b');
INSERT INTO public.time_sheets (id, created_at, updated_at, deleted_at, confirmed_manager_by, confirmed_benefit_by, status_time_sheet_id, user_id) VALUES ('b201ae57-dd2a-431f-b2cd-32d3bc38b01e', '2024-08-08 16:08:52.468551+07', '2024-08-08 16:08:52.468551+07', NULL, '', '', '84dad767-1457-479a-ac9b-c14e0f36aeaf', 'b6aff885-ec43-4be9-bbd2-9299e1018e3b');
INSERT INTO public.time_sheets (id, created_at, updated_at, deleted_at, confirmed_manager_by, confirmed_benefit_by, status_time_sheet_id, user_id) VALUES ('80809fec-399c-4387-9918-021da8ec6557', '2024-08-06 19:36:35.762178+07', '2024-08-08 15:30:58.627699+07', NULL, '0c8b0ae4-e02c-4027-9d31-fa4b3c6bfb24', '755f5ad2-bb6d-49ec-829c-2041c08abdb1', 'cdcc8a4a-f8f8-4750-9756-47f743216d6b', 'b6aff885-ec43-4be9-bbd2-9299e1018e3b');
INSERT INTO public.time_sheets (id, created_at, updated_at, deleted_at, confirmed_manager_by, confirmed_benefit_by, status_time_sheet_id, user_id) VALUES ('190fa97b-136e-410b-a925-baff22d51f69', '2024-08-06 15:55:59.280217+07', '2024-08-06 16:21:42.947696+07', NULL, '0c8b0ae4-e02c-4027-9d31-fa4b3c6bfb24', '', '0bfc9fbe-ccec-4488-a393-02670680deb7', 'b6aff885-ec43-4be9-bbd2-9299e1018e3b');
INSERT INTO public.time_sheets (id, created_at, updated_at, deleted_at, confirmed_manager_by, confirmed_benefit_by, status_time_sheet_id, user_id) VALUES ('1e2f3d9f-f61f-4298-b38f-23e5cb7e7916', '2024-08-07 11:47:29.983634+07', '2024-08-08 15:31:02.934168+07', NULL, '0c8b0ae4-e02c-4027-9d31-fa4b3c6bfb24', '755f5ad2-bb6d-49ec-829c-2041c08abdb1', '4166b710-126b-43bf-9086-0a941733db02', 'b6aff885-ec43-4be9-bbd2-9299e1018e3b');
INSERT INTO public.time_sheets (id, created_at, updated_at, deleted_at, confirmed_manager_by, confirmed_benefit_by, status_time_sheet_id, user_id) VALUES ('35306edd-0af4-4a07-87b6-006333ab7851', '2024-08-06 23:28:31.698228+07', '2024-08-07 15:18:26.53568+07', NULL, '0c8b0ae4-e02c-4027-9d31-fa4b3c6bfb24', '755f5ad2-bb6d-49ec-829c-2041c08abdb1', 'cdcc8a4a-f8f8-4750-9756-47f743216d6b', 'b6aff885-ec43-4be9-bbd2-9299e1018e3b');
INSERT INTO public.time_sheets (id, created_at, updated_at, deleted_at, confirmed_manager_by, confirmed_benefit_by, status_time_sheet_id, user_id) VALUES ('c7232442-7b46-4060-b064-cec669962f46', '2024-08-08 16:06:29.683765+07', '2024-08-08 16:06:29.683765+07', NULL, '', '', '84dad767-1457-479a-ac9b-c14e0f36aeaf', 'fdc83546-36f0-49ce-9df9-4db9ebe0b7c8');
INSERT INTO public.time_sheets (id, created_at, updated_at, deleted_at, confirmed_manager_by, confirmed_benefit_by, status_time_sheet_id, user_id) VALUES ('ecff9473-74ec-410d-bd36-c016054ac0ec', '2024-08-08 16:08:51.344521+07', '2024-08-08 16:08:51.344521+07', NULL, '', '', '84dad767-1457-479a-ac9b-c14e0f36aeaf', 'b6aff885-ec43-4be9-bbd2-9299e1018e3b');
INSERT INTO public.time_sheets (id, created_at, updated_at, deleted_at, confirmed_manager_by, confirmed_benefit_by, status_time_sheet_id, user_id) VALUES ('28d38d9e-4855-4ef0-a209-3825ffc3acaf', '2024-08-08 16:06:33.062152+07', '2024-08-08 16:06:33.062152+07', NULL, '', '', '84dad767-1457-479a-ac9b-c14e0f36aeaf', 'fdc83546-36f0-49ce-9df9-4db9ebe0b7c8');
INSERT INTO public.time_sheets (id, created_at, updated_at, deleted_at, confirmed_manager_by, confirmed_benefit_by, status_time_sheet_id, user_id) VALUES ('30f38eaa-d3de-49cc-9a85-b986058da2c5', '2024-08-08 16:06:45.55498+07', '2024-08-08 16:06:45.55498+07', NULL, '', '', '84dad767-1457-479a-ac9b-c14e0f36aeaf', 'fdc83546-36f0-49ce-9df9-4db9ebe0b7c8');
INSERT INTO public.time_sheets (id, created_at, updated_at, deleted_at, confirmed_manager_by, confirmed_benefit_by, status_time_sheet_id, user_id) VALUES ('e72bb4a4-ef5e-4f63-accc-117376675a24', '2024-08-06 14:47:50.842459+07', '2024-08-07 19:35:09.954205+07', NULL, '0c8b0ae4-e02c-4027-9d31-fa4b3c6bfb24', '755f5ad2-bb6d-49ec-829c-2041c08abdb1', '4166b710-126b-43bf-9086-0a941733db02', 'b6aff885-ec43-4be9-bbd2-9299e1018e3b');
INSERT INTO public.time_sheets (id, created_at, updated_at, deleted_at, confirmed_manager_by, confirmed_benefit_by, status_time_sheet_id, user_id) VALUES ('7023fce8-816c-46a6-8104-21e846eb6703', '2024-08-08 16:05:22.624027+07', '2024-08-08 16:05:22.624027+07', NULL, '', '', '84dad767-1457-479a-ac9b-c14e0f36aeaf', 'fdc83546-36f0-49ce-9df9-4db9ebe0b7c8');
INSERT INTO public.time_sheets (id, created_at, updated_at, deleted_at, confirmed_manager_by, confirmed_benefit_by, status_time_sheet_id, user_id) VALUES ('1fb7255f-2c3c-4e17-aee9-5c5c3b576840', '2024-08-08 16:08:19.497638+07', '2024-08-08 16:08:19.497638+07', NULL, '', '', '84dad767-1457-479a-ac9b-c14e0f36aeaf', 'b6aff885-ec43-4be9-bbd2-9299e1018e3b');
INSERT INTO public.time_sheets (id, created_at, updated_at, deleted_at, confirmed_manager_by, confirmed_benefit_by, status_time_sheet_id, user_id) VALUES ('2ee32aa8-4edd-468a-9107-eb2386d0b4eb', '2024-08-08 17:07:08.968779+07', '2024-08-08 21:29:26.680984+07', NULL, '0c8b0ae4-e02c-4027-9d31-fa4b3c6bfb24', '', '8d31eac1-3d39-4fc0-8a42-e8683e05251a', 'fdc83546-36f0-49ce-9df9-4db9ebe0b7c8');
INSERT INTO public.time_sheets (id, created_at, updated_at, deleted_at, confirmed_manager_by, confirmed_benefit_by, status_time_sheet_id, user_id) VALUES ('e40dc294-5002-48d4-a6c0-433bb7a3de1b', '2024-08-08 18:07:55.80749+07', '2024-08-08 18:08:16.465521+07', NULL, '', '', 'c979f8d7-c1ba-441a-a17b-d0e3d8d0eaac', 'b6aff885-ec43-4be9-bbd2-9299e1018e3b');
INSERT INTO public.time_sheets (id, created_at, updated_at, deleted_at, confirmed_manager_by, confirmed_benefit_by, status_time_sheet_id, user_id) VALUES ('0565d6e7-13ce-4919-b391-c627efc0772a', '2024-08-08 18:15:00.520395+07', '2024-08-08 18:15:00.520395+07', NULL, '', '', 'c979f8d7-c1ba-441a-a17b-d0e3d8d0eaac', 'fdc83546-36f0-49ce-9df9-4db9ebe0b7c8');
INSERT INTO public.time_sheets (id, created_at, updated_at, deleted_at, confirmed_manager_by, confirmed_benefit_by, status_time_sheet_id, user_id) VALUES ('3839e12f-8713-4bae-9ab7-a5cd11800c2b', '2024-08-08 19:37:18.477693+07', '2024-08-08 19:40:19.436332+07', '2024-08-08 19:40:19.436126+07', '', '', 'c979f8d7-c1ba-441a-a17b-d0e3d8d0eaac', 'aa41334d-7a41-43ce-acbf-77e7b3f2fcd5');
INSERT INTO public.time_sheets (id, created_at, updated_at, deleted_at, confirmed_manager_by, confirmed_benefit_by, status_time_sheet_id, user_id) VALUES ('ce916de9-6ac5-4461-b101-748c03981308', '2024-08-08 21:17:49.377527+07', '2024-08-08 21:21:10.097144+07', '2024-08-08 21:21:10.097153+07', '', '', 'c979f8d7-c1ba-441a-a17b-d0e3d8d0eaac', '3693e825-f2ef-4b4b-b93d-09fa8aabc875');
INSERT INTO public.time_sheets (id, created_at, updated_at, deleted_at, confirmed_manager_by, confirmed_benefit_by, status_time_sheet_id, user_id) VALUES ('3e5d81b5-730b-4b17-8751-d07deb30a895', '2024-08-08 17:07:10.857716+07', '2024-08-08 21:29:18.95873+07', NULL, '0c8b0ae4-e02c-4027-9d31-fa4b3c6bfb24', '', '0bfc9fbe-ccec-4488-a393-02670680deb7', 'fdc83546-36f0-49ce-9df9-4db9ebe0b7c8');


--
-- Data for Name: works; Type: TABLE DATA; Schema: public; Owner: postgres
--

INSERT INTO public.works (id, created_at, updated_at, deleted_at, description, fee) VALUES ('ab88eadb-3f49-47cb-9dbe-6a0bc92784ba', '2024-08-03 10:28:33.703792+07', '2024-08-06 18:38:03.554683+07', NULL, 'Mengajar Angular', 50000);
INSERT INTO public.works (id, created_at, updated_at, deleted_at, description, fee) VALUES ('2abc03cc-5ef1-4722-a433-a0e656199670', '2024-08-06 18:40:18.840535+07', '2024-08-06 18:40:18.840535+07', NULL, 'Mengajar React Native', 50000);
INSERT INTO public.works (id, created_at, updated_at, deleted_at, description, fee) VALUES ('edd90b16-dada-46cd-92ef-f41c8db81326', '2024-08-07 21:36:05.402916+07', '2024-08-07 21:36:05.402916+07', NULL, 'Mengajar Vue JS', 50000);
INSERT INTO public.works (id, created_at, updated_at, deleted_at, description, fee) VALUES ('56820395-b42f-414c-98e7-c3ea142e367f', '2024-08-06 18:40:26.374859+07', '2024-08-06 18:40:26.374859+07', '2024-08-06 18:41:13.129086+07', 'Mengajar React Native', 50000);
INSERT INTO public.works (id, created_at, updated_at, deleted_at, description, fee) VALUES ('cc2f2d99-9a81-4b17-8c3a-42c28dc5d6cb', '2024-08-06 18:41:31.284323+07', '2024-08-06 18:41:31.284323+07', '2024-08-06 18:41:44.113995+07', 'Mengajar React Native', 50000);
INSERT INTO public.works (id, created_at, updated_at, deleted_at, description, fee) VALUES ('08dc25e0-6d3a-439b-80d3-01fe83998f58', '2024-08-08 21:37:30.632084+07', '2024-08-08 21:37:30.632084+07', NULL, 'Mengajar Laravel', 50000);


--
-- Data for Name: time_sheet_details; Type: TABLE DATA; Schema: public; Owner: postgres
--

INSERT INTO public.time_sheet_details (id, created_at, updated_at, deleted_at, date, start_time, end_time, time_sheet_id, work_id) VALUES ('f647ea4d-c243-4ae8-be3d-87fc02281250', '2024-08-08 16:05:22.639013+07', '2024-08-08 16:05:22.639013+07', NULL, '2024-08-07 16:04:51.305+07', '2024-07-04 09:00:00+07', '2024-07-04 12:00:00+07', '7023fce8-816c-46a6-8104-21e846eb6703', 'ab88eadb-3f49-47cb-9dbe-6a0bc92784ba');
INSERT INTO public.time_sheet_details (id, created_at, updated_at, deleted_at, date, start_time, end_time, time_sheet_id, work_id) VALUES ('3e15e710-d96e-44b6-a23e-2fbcd8ad934a', '2024-08-06 14:47:50.843421+07', '2024-08-06 14:47:50.843421+07', NULL, '2024-07-04 00:00:00+07', '2024-07-04 09:00:00+07', '2024-07-04 12:00:00+07', 'e72bb4a4-ef5e-4f63-accc-117376675a24', 'ab88eadb-3f49-47cb-9dbe-6a0bc92784ba');
INSERT INTO public.time_sheet_details (id, created_at, updated_at, deleted_at, date, start_time, end_time, time_sheet_id, work_id) VALUES ('0332983d-6879-462d-ba8a-6d5194ce6530', '2024-08-06 15:55:59.285456+07', '2024-08-06 15:55:59.285456+07', NULL, '2024-08-05 00:00:00+07', '2024-08-05 10:00:00+07', '2024-08-05 13:00:00+07', '190fa97b-136e-410b-a925-baff22d51f69', 'ab88eadb-3f49-47cb-9dbe-6a0bc92784ba');
INSERT INTO public.time_sheet_details (id, created_at, updated_at, deleted_at, date, start_time, end_time, time_sheet_id, work_id) VALUES ('73ebc361-3933-4c68-819c-2f67193f9eca', '2024-08-06 16:03:02.28221+07', '2024-08-06 16:03:02.28221+07', NULL, '2024-08-01 00:00:00+07', '2024-08-01 09:00:00+07', '2024-08-01 12:00:00+07', 'a8162ec9-bcf6-476c-a7e5-b673ce4e60f1', 'ab88eadb-3f49-47cb-9dbe-6a0bc92784ba');
INSERT INTO public.time_sheet_details (id, created_at, updated_at, deleted_at, date, start_time, end_time, time_sheet_id, work_id) VALUES ('36d4e27f-96b2-407b-bf88-dbc045f45e96', '2024-08-06 16:22:06.384328+07', '2024-08-06 16:22:06.384328+07', NULL, '2024-08-02 00:00:00+07', '2024-08-02 10:00:00+07', '2024-08-02 12:00:00+07', 'e5221fbd-fffe-41a8-be78-6c648e6e422a', 'ab88eadb-3f49-47cb-9dbe-6a0bc92784ba');
INSERT INTO public.time_sheet_details (id, created_at, updated_at, deleted_at, date, start_time, end_time, time_sheet_id, work_id) VALUES ('343f4b5b-889c-4f39-bdad-4c8f2bec1419', '2024-08-06 16:22:06.384328+07', '2024-08-06 16:22:06.384328+07', NULL, '2024-08-02 00:00:00+07', '2024-08-02 10:00:00+07', '2024-08-02 12:00:00+07', 'e5221fbd-fffe-41a8-be78-6c648e6e422a', 'ab88eadb-3f49-47cb-9dbe-6a0bc92784ba');
INSERT INTO public.time_sheet_details (id, created_at, updated_at, deleted_at, date, start_time, end_time, time_sheet_id, work_id) VALUES ('626521d2-8d81-4165-9181-a7b1e70fd2ac', '2024-08-06 16:52:48.235674+07', '2024-08-06 16:52:48.235674+07', NULL, '2024-08-01 00:00:00+07', '2024-08-01 10:00:00+07', '2024-08-01 12:00:00+07', '4c9b06e9-ae9a-4a41-97e3-9069ecc1a27c', 'ab88eadb-3f49-47cb-9dbe-6a0bc92784ba');
INSERT INTO public.time_sheet_details (id, created_at, updated_at, deleted_at, date, start_time, end_time, time_sheet_id, work_id) VALUES ('7990dc2d-07c1-4541-bd37-0dbabb87d6fe', '2024-08-06 16:52:48.235674+07', '2024-08-06 16:52:48.235674+07', NULL, '2024-08-02 00:00:00+07', '2024-08-02 11:00:00+07', '2024-08-02 12:00:00+07', '4c9b06e9-ae9a-4a41-97e3-9069ecc1a27c', 'ab88eadb-3f49-47cb-9dbe-6a0bc92784ba');
INSERT INTO public.time_sheet_details (id, created_at, updated_at, deleted_at, date, start_time, end_time, time_sheet_id, work_id) VALUES ('b5e2502e-54f1-4b8e-aaef-5999f380b7bf', '2024-08-06 17:41:38.809465+07', '2024-08-06 17:41:38.809465+07', NULL, '2024-07-25 00:00:00+07', '2024-07-25 10:00:00+07', '2024-07-25 11:00:00+07', 'f0bddeaf-8be6-406e-ae3b-fd618524eeda', 'ab88eadb-3f49-47cb-9dbe-6a0bc92784ba');
INSERT INTO public.time_sheet_details (id, created_at, updated_at, deleted_at, date, start_time, end_time, time_sheet_id, work_id) VALUES ('d8ec7588-08aa-4188-b711-e7b1af570003', '2024-08-06 17:41:38.809465+07', '2024-08-06 17:41:38.809465+07', NULL, '2024-08-01 00:00:00+07', '2024-08-01 10:00:00+07', '2024-08-01 12:00:00+07', 'f0bddeaf-8be6-406e-ae3b-fd618524eeda', 'ab88eadb-3f49-47cb-9dbe-6a0bc92784ba');
INSERT INTO public.time_sheet_details (id, created_at, updated_at, deleted_at, date, start_time, end_time, time_sheet_id, work_id) VALUES ('7bc38210-e7fd-4f0e-b52a-10d576b58623', '2024-08-06 17:56:48.161295+07', '2024-08-06 17:56:48.161295+07', NULL, '2024-06-07 00:00:00+07', '2024-06-07 09:50:00+07', '2024-06-07 12:00:00+07', '537873c0-4628-4d72-b8f6-cd90b8f81bd8', 'ab88eadb-3f49-47cb-9dbe-6a0bc92784ba');
INSERT INTO public.time_sheet_details (id, created_at, updated_at, deleted_at, date, start_time, end_time, time_sheet_id, work_id) VALUES ('36dfc3a7-996c-472b-beb4-2c34b230693a', '2024-08-06 17:56:48.161295+07', '2024-08-06 17:56:48.161295+07', NULL, '2024-08-01 00:00:00+07', '2024-08-01 09:50:00+07', '2024-08-01 12:00:00+07', '537873c0-4628-4d72-b8f6-cd90b8f81bd8', 'ab88eadb-3f49-47cb-9dbe-6a0bc92784ba');
INSERT INTO public.time_sheet_details (id, created_at, updated_at, deleted_at, date, start_time, end_time, time_sheet_id, work_id) VALUES ('b247a772-5012-4c4f-9bc7-1c71ef479438', '2024-08-06 17:56:48.161295+07', '2024-08-06 17:56:48.161295+07', NULL, '2024-08-02 00:00:00+07', '2024-08-02 09:50:00+07', '2024-08-02 12:00:00+07', '537873c0-4628-4d72-b8f6-cd90b8f81bd8', 'ab88eadb-3f49-47cb-9dbe-6a0bc92784ba');
INSERT INTO public.time_sheet_details (id, created_at, updated_at, deleted_at, date, start_time, end_time, time_sheet_id, work_id) VALUES ('b3f8af2d-f1ad-4769-827a-d5f842a05ed2', '2024-08-06 18:39:30.620848+07', '2024-08-06 18:39:30.620848+07', NULL, '2024-08-01 00:00:00+07', '2024-08-01 09:00:00+07', '2024-08-01 12:00:00+07', 'cd769764-df49-4bed-9e4b-66e3ffcabea4', 'ab88eadb-3f49-47cb-9dbe-6a0bc92784ba');
INSERT INTO public.time_sheet_details (id, created_at, updated_at, deleted_at, date, start_time, end_time, time_sheet_id, work_id) VALUES ('1c2d6306-c5cd-4f0f-8684-d3afd885e9ed', '2024-08-06 18:39:30.620848+07', '2024-08-06 18:39:30.620848+07', NULL, '2024-08-02 00:00:00+07', '2024-08-02 08:00:00+07', '2024-08-02 10:00:00+07', 'cd769764-df49-4bed-9e4b-66e3ffcabea4', 'ab88eadb-3f49-47cb-9dbe-6a0bc92784ba');
INSERT INTO public.time_sheet_details (id, created_at, updated_at, deleted_at, date, start_time, end_time, time_sheet_id, work_id) VALUES ('0203d58d-64c1-4162-abb3-d87d0efac6b4', '2024-08-06 18:39:30.620848+07', '2024-08-06 18:39:30.620848+07', NULL, '2024-08-02 00:00:00+07', '2024-08-02 08:00:00+07', '2024-08-02 12:00:00+07', 'cd769764-df49-4bed-9e4b-66e3ffcabea4', 'ab88eadb-3f49-47cb-9dbe-6a0bc92784ba');
INSERT INTO public.time_sheet_details (id, created_at, updated_at, deleted_at, date, start_time, end_time, time_sheet_id, work_id) VALUES ('35172b87-267f-4940-8ec7-18189f3df072', '2024-08-06 18:39:30.620848+07', '2024-08-06 18:39:30.620848+07', NULL, '2024-08-03 00:00:00+07', '2024-08-03 09:00:00+07', '2024-08-03 12:00:00+07', 'cd769764-df49-4bed-9e4b-66e3ffcabea4', 'ab88eadb-3f49-47cb-9dbe-6a0bc92784ba');
INSERT INTO public.time_sheet_details (id, created_at, updated_at, deleted_at, date, start_time, end_time, time_sheet_id, work_id) VALUES ('ce99d755-2b38-4f5b-bcac-b7d763e3bdd3', '2024-08-06 18:39:30.620848+07', '2024-08-06 18:39:30.620848+07', NULL, '2024-08-03 00:00:00+07', '2024-08-03 09:00:00+07', '2024-08-03 12:00:00+07', 'cd769764-df49-4bed-9e4b-66e3ffcabea4', 'ab88eadb-3f49-47cb-9dbe-6a0bc92784ba');
INSERT INTO public.time_sheet_details (id, created_at, updated_at, deleted_at, date, start_time, end_time, time_sheet_id, work_id) VALUES ('b7a23d93-8438-4fbc-8267-63bc4f2e938c', '2024-08-06 19:36:25.608839+07', '2024-08-06 19:36:25.608839+07', NULL, '2024-08-02 00:00:00+07', '2024-08-02 10:00:00+07', '2024-08-02 14:00:00+07', 'bd34b5c5-f15d-4701-a9f8-1a122a45e7f1', '2abc03cc-5ef1-4722-a433-a0e656199670');
INSERT INTO public.time_sheet_details (id, created_at, updated_at, deleted_at, date, start_time, end_time, time_sheet_id, work_id) VALUES ('2a1e840a-e5a5-498b-bdbf-5e8cb5572c30', '2024-08-06 19:36:25.608839+07', '2024-08-06 19:36:25.608839+07', NULL, '2024-08-04 00:00:00+07', '2024-08-04 10:00:00+07', '2024-08-04 12:00:00+07', 'bd34b5c5-f15d-4701-a9f8-1a122a45e7f1', '2abc03cc-5ef1-4722-a433-a0e656199670');
INSERT INTO public.time_sheet_details (id, created_at, updated_at, deleted_at, date, start_time, end_time, time_sheet_id, work_id) VALUES ('5f54104f-f4a0-4eff-8da2-0c7c77ab84d6', '2024-08-06 19:36:35.763246+07', '2024-08-06 19:36:35.763246+07', NULL, '2024-07-04 00:00:00+07', '2024-07-04 10:00:00+07', '2024-07-04 14:00:00+07', '80809fec-399c-4387-9918-021da8ec6557', 'ab88eadb-3f49-47cb-9dbe-6a0bc92784ba');
INSERT INTO public.time_sheet_details (id, created_at, updated_at, deleted_at, date, start_time, end_time, time_sheet_id, work_id) VALUES ('11dfa841-bba9-4c85-84b7-429a599b0554', '2024-08-06 19:36:08.003708+07', '2024-08-07 17:04:33.661778+07', NULL, '2024-08-01 00:00:00+07', '2024-08-01 07:00:00+07', '2024-08-01 12:00:00+07', 'f3355d03-6a1e-4bc5-a3bf-a0f8c0df5241', '2abc03cc-5ef1-4722-a433-a0e656199670');
INSERT INTO public.time_sheet_details (id, created_at, updated_at, deleted_at, date, start_time, end_time, time_sheet_id, work_id) VALUES ('6b5e6ce5-0cac-44ab-898d-39d61bd76d5b', '2024-08-06 19:20:52.493289+07', '2024-08-06 19:20:52.493289+07', NULL, '2024-08-01 00:00:00+07', '2024-08-01 09:00:00+07', '2024-08-01 12:00:00+07', '00b1cb80-e1a1-4bdb-a75e-14553b147da7', 'ab88eadb-3f49-47cb-9dbe-6a0bc92784ba');
INSERT INTO public.time_sheet_details (id, created_at, updated_at, deleted_at, date, start_time, end_time, time_sheet_id, work_id) VALUES ('d976f489-964f-40ba-8963-7474aa1559a5', '2024-08-06 19:20:52.493289+07', '2024-08-06 19:20:52.493289+07', NULL, '2024-08-01 00:00:00+07', '2024-08-01 09:00:00+07', '2024-08-01 12:00:00+07', '00b1cb80-e1a1-4bdb-a75e-14553b147da7', '2abc03cc-5ef1-4722-a433-a0e656199670');
INSERT INTO public.time_sheet_details (id, created_at, updated_at, deleted_at, date, start_time, end_time, time_sheet_id, work_id) VALUES ('dbdf600d-6647-4614-b47d-2c16d142ff6c', '2024-08-06 23:28:31.698912+07', '2024-08-06 23:28:31.698912+07', NULL, '2024-08-01 00:00:00+07', '2024-08-01 09:00:00+07', '2024-08-01 12:00:00+07', '35306edd-0af4-4a07-87b6-006333ab7851', 'ab88eadb-3f49-47cb-9dbe-6a0bc92784ba');
INSERT INTO public.time_sheet_details (id, created_at, updated_at, deleted_at, date, start_time, end_time, time_sheet_id, work_id) VALUES ('547e205e-4483-4629-95e1-7fe0f6de56a5', '2024-08-07 11:30:46.000844+07', '2024-08-07 11:30:46.000844+07', NULL, '2024-08-01 00:00:00+07', '2024-08-01 06:00:00+07', '2024-08-01 12:00:00+07', '16c6d27f-2d9d-44ec-8e23-8af8e445ab39', '2abc03cc-5ef1-4722-a433-a0e656199670');
INSERT INTO public.time_sheet_details (id, created_at, updated_at, deleted_at, date, start_time, end_time, time_sheet_id, work_id) VALUES ('075ce425-ca46-40af-bfb8-039f84546f2d', '2024-08-07 11:30:46.000844+07', '2024-08-07 11:30:46.000844+07', NULL, '2024-08-04 00:00:00+07', '2024-08-04 06:00:00+07', '2024-08-04 12:00:00+07', '16c6d27f-2d9d-44ec-8e23-8af8e445ab39', 'ab88eadb-3f49-47cb-9dbe-6a0bc92784ba');
INSERT INTO public.time_sheet_details (id, created_at, updated_at, deleted_at, date, start_time, end_time, time_sheet_id, work_id) VALUES ('67ea6cee-7aad-4765-aa8a-507d407f6670', '2024-08-07 11:31:48.377811+07', '2024-08-07 11:31:48.377811+07', NULL, '2024-08-06 00:00:00+07', '2024-08-06 06:00:00+07', '2024-08-06 12:00:00+07', 'b04cead6-b17b-41e9-9fde-514f1ed8cd7e', '2abc03cc-5ef1-4722-a433-a0e656199670');
INSERT INTO public.time_sheet_details (id, created_at, updated_at, deleted_at, date, start_time, end_time, time_sheet_id, work_id) VALUES ('169b9f96-511b-420f-88c4-0e1e16aaa003', '2024-08-07 11:31:48.377811+07', '2024-08-07 11:31:48.377811+07', NULL, '2024-08-06 00:00:00+07', '2024-08-06 06:00:00+07', '2024-08-06 12:00:00+07', 'b04cead6-b17b-41e9-9fde-514f1ed8cd7e', '2abc03cc-5ef1-4722-a433-a0e656199670');
INSERT INTO public.time_sheet_details (id, created_at, updated_at, deleted_at, date, start_time, end_time, time_sheet_id, work_id) VALUES ('d76e271a-909b-405a-b627-6fd7bcfc92b4', '2024-08-07 14:01:28.064269+07', '2024-08-07 14:01:28.064269+07', NULL, '2024-07-04 00:00:00+07', '2024-07-04 09:00:00+07', '2024-07-04 12:00:00+07', 'df9c3c6e-fbd3-496d-93d3-7f509dc198bd', '2abc03cc-5ef1-4722-a433-a0e656199670');
INSERT INTO public.time_sheet_details (id, created_at, updated_at, deleted_at, date, start_time, end_time, time_sheet_id, work_id) VALUES ('42c913f5-dabb-4185-8400-032353b6f92c', '2024-08-07 13:55:15.315874+07', '2024-08-07 13:55:15.315874+07', NULL, '2024-07-04 00:00:00+07', '2024-07-04 09:00:00+07', '2024-07-04 12:00:00+07', 'c37654b1-d210-4c2d-a5c9-9518ff00abbf', 'ab88eadb-3f49-47cb-9dbe-6a0bc92784ba');
INSERT INTO public.time_sheet_details (id, created_at, updated_at, deleted_at, date, start_time, end_time, time_sheet_id, work_id) VALUES ('69e1630a-fd82-41cc-89ed-c593eee03c7b', '2024-08-07 13:55:15.315874+07', '2024-08-07 13:55:15.315874+07', NULL, '2024-07-04 00:00:00+07', '2024-07-04 09:00:00+07', '2024-07-04 12:00:00+07', 'c37654b1-d210-4c2d-a5c9-9518ff00abbf', 'ab88eadb-3f49-47cb-9dbe-6a0bc92784ba');
INSERT INTO public.time_sheet_details (id, created_at, updated_at, deleted_at, date, start_time, end_time, time_sheet_id, work_id) VALUES ('e5b1528c-1f64-4a65-a4d2-6ea0011ce7e8', '2024-08-07 20:46:22.509308+07', '2024-08-07 20:46:22.509308+07', NULL, '2024-07-04 00:00:00+07', '2024-07-04 09:00:00+07', '2024-07-04 12:00:00+07', '5a5422d5-6a8f-4fb2-b089-04b41ba1d621', 'ab88eadb-3f49-47cb-9dbe-6a0bc92784ba');
INSERT INTO public.time_sheet_details (id, created_at, updated_at, deleted_at, date, start_time, end_time, time_sheet_id, work_id) VALUES ('ac3ed211-bc7c-40bf-bae8-71d2b2761f3c', '2024-08-06 23:05:35.639557+07', '2024-08-06 23:05:35.639557+07', NULL, '2024-07-04 00:00:00+07', '2024-07-04 09:00:00+07', '2024-07-04 12:00:00+07', '46bbf8f0-3862-4ec5-a6e7-b3eb63a76b51', 'ab88eadb-3f49-47cb-9dbe-6a0bc92784ba');
INSERT INTO public.time_sheet_details (id, created_at, updated_at, deleted_at, date, start_time, end_time, time_sheet_id, work_id) VALUES ('01ce2404-820f-46e5-95e1-c7ed2c0babea', '2024-08-07 11:47:29.984681+07', '2024-08-07 11:47:29.984681+07', NULL, '2024-07-01 00:00:00+07', '2024-07-01 06:00:00+07', '2024-07-01 12:00:00+07', '1e2f3d9f-f61f-4298-b38f-23e5cb7e7916', 'ab88eadb-3f49-47cb-9dbe-6a0bc92784ba');
INSERT INTO public.time_sheet_details (id, created_at, updated_at, deleted_at, date, start_time, end_time, time_sheet_id, work_id) VALUES ('47a4a933-45a7-46e2-87a6-21f51fef16ec', '2024-08-07 11:47:29.984681+07', '2024-08-07 11:47:29.984681+07', NULL, '2024-08-01 00:00:00+07', '2024-08-01 06:00:00+07', '2024-08-01 12:00:00+07', '1e2f3d9f-f61f-4298-b38f-23e5cb7e7916', '2abc03cc-5ef1-4722-a433-a0e656199670');
INSERT INTO public.time_sheet_details (id, created_at, updated_at, deleted_at, date, start_time, end_time, time_sheet_id, work_id) VALUES ('1bd0ee41-1334-46e4-80e9-79e43cb6ffab', '2024-08-06 19:23:32.804316+07', '2024-08-07 16:08:27.440186+07', NULL, '2024-07-16 00:00:00+07', '2024-07-16 06:00:00+07', '2024-07-16 12:00:00+07', 'f3355d03-6a1e-4bc5-a3bf-a0f8c0df5241', '2abc03cc-5ef1-4722-a433-a0e656199670');
INSERT INTO public.time_sheet_details (id, created_at, updated_at, deleted_at, date, start_time, end_time, time_sheet_id, work_id) VALUES ('4d1e62b3-6d73-42fb-acd5-60999d43cd70', '2024-08-08 16:06:29.684848+07', '2024-08-08 16:06:29.684848+07', NULL, '2024-08-07 16:04:51.305+07', '2024-08-07 15:00:00+07', '2024-08-07 16:00:00+07', 'c7232442-7b46-4060-b064-cec669962f46', 'ab88eadb-3f49-47cb-9dbe-6a0bc92784ba');
INSERT INTO public.time_sheet_details (id, created_at, updated_at, deleted_at, date, start_time, end_time, time_sheet_id, work_id) VALUES ('90097e38-b4da-4538-b601-786e23a35496', '2024-08-08 16:06:33.062659+07', '2024-08-08 16:06:33.062659+07', NULL, '2024-08-07 16:04:51.305+07', '2024-08-07 15:00:00+07', '2024-08-07 16:00:00+07', '28d38d9e-4855-4ef0-a209-3825ffc3acaf', 'ab88eadb-3f49-47cb-9dbe-6a0bc92784ba');
INSERT INTO public.time_sheet_details (id, created_at, updated_at, deleted_at, date, start_time, end_time, time_sheet_id, work_id) VALUES ('08fc126a-9dbe-45d9-a6a7-0cf4597b4e8f', '2024-08-08 16:06:45.556375+07', '2024-08-08 16:06:45.556375+07', NULL, '2024-08-07 16:04:51.305+07', '2024-08-07 14:00:00+07', '2024-08-07 15:00:00+07', '30f38eaa-d3de-49cc-9a85-b986058da2c5', 'ab88eadb-3f49-47cb-9dbe-6a0bc92784ba');
INSERT INTO public.time_sheet_details (id, created_at, updated_at, deleted_at, date, start_time, end_time, time_sheet_id, work_id) VALUES ('f5fd3537-53f2-4a7f-b59a-2158d0e6604b', '2024-08-08 16:08:19.497827+07', '2024-08-08 16:08:19.497827+07', NULL, '2024-08-06 16:04:51.305+07', '2024-08-07 14:00:00+07', '2024-08-07 15:00:00+07', '1fb7255f-2c3c-4e17-aee9-5c5c3b576840', 'ab88eadb-3f49-47cb-9dbe-6a0bc92784ba');
INSERT INTO public.time_sheet_details (id, created_at, updated_at, deleted_at, date, start_time, end_time, time_sheet_id, work_id) VALUES ('96848cd5-631d-41b6-9c21-6559347730b7', '2024-08-08 16:08:51.344781+07', '2024-08-08 16:08:51.344781+07', NULL, '2024-08-06 16:04:51.305+07', '2024-08-07 14:00:00+07', '2024-08-07 15:00:00+07', 'ecff9473-74ec-410d-bd36-c016054ac0ec', 'edd90b16-dada-46cd-92ef-f41c8db81326');
INSERT INTO public.time_sheet_details (id, created_at, updated_at, deleted_at, date, start_time, end_time, time_sheet_id, work_id) VALUES ('d2fa1f54-3851-431d-948f-7ada14f2d568', '2024-08-08 16:08:52.468762+07', '2024-08-08 16:08:52.468762+07', NULL, '2024-08-06 16:04:51.305+07', '2024-08-07 14:00:00+07', '2024-08-07 15:00:00+07', 'b201ae57-dd2a-431f-b2cd-32d3bc38b01e', 'edd90b16-dada-46cd-92ef-f41c8db81326');
INSERT INTO public.time_sheet_details (id, created_at, updated_at, deleted_at, date, start_time, end_time, time_sheet_id, work_id) VALUES ('910d1343-b62e-444a-9838-ffc48cf24a33', '2024-08-08 17:07:08.970152+07', '2024-08-08 17:07:08.970152+07', NULL, '2024-08-06 16:04:51.305+07', '2024-08-07 14:00:00+07', '2024-08-07 15:00:00+07', '2ee32aa8-4edd-468a-9107-eb2386d0b4eb', 'ab88eadb-3f49-47cb-9dbe-6a0bc92784ba');
INSERT INTO public.time_sheet_details (id, created_at, updated_at, deleted_at, date, start_time, end_time, time_sheet_id, work_id) VALUES ('89506c21-8c39-4c3d-b38f-c786077000ef', '2024-08-08 17:07:10.858588+07', '2024-08-08 17:07:10.858588+07', NULL, '2024-08-06 16:04:51.305+07', '2024-08-07 14:00:00+07', '2024-08-07 15:00:00+07', '3e5d81b5-730b-4b17-8751-d07deb30a895', 'ab88eadb-3f49-47cb-9dbe-6a0bc92784ba');
INSERT INTO public.time_sheet_details (id, created_at, updated_at, deleted_at, date, start_time, end_time, time_sheet_id, work_id) VALUES ('8c9f7cf9-2599-4e10-be11-e2d87ef87101', '2024-08-08 18:07:55.807926+07', '2024-08-08 18:08:16.466735+07', NULL, '2024-08-07 00:00:00+07', '2024-08-07 12:00:00+07', '2024-08-07 14:00:00+07', 'e40dc294-5002-48d4-a6c0-433bb7a3de1b', 'edd90b16-dada-46cd-92ef-f41c8db81326');
INSERT INTO public.time_sheet_details (id, created_at, updated_at, deleted_at, date, start_time, end_time, time_sheet_id, work_id) VALUES ('a757dea9-8f5b-479e-b886-5cfae5318ab8', '2024-08-08 18:07:55.807926+07', '2024-08-08 18:08:16.466735+07', NULL, '2024-08-07 00:00:00+07', '2024-08-07 15:00:00+07', '2024-08-07 16:00:00+07', 'e40dc294-5002-48d4-a6c0-433bb7a3de1b', '2abc03cc-5ef1-4722-a433-a0e656199670');
INSERT INTO public.time_sheet_details (id, created_at, updated_at, deleted_at, date, start_time, end_time, time_sheet_id, work_id) VALUES ('e53fb990-0735-4c98-ae47-b62cbf97fe59', '2024-08-08 18:15:00.520792+07', '2024-08-08 18:15:00.520792+07', NULL, '2024-08-06 16:04:51.305+07', '2024-08-07 14:00:00+07', '2024-08-07 15:00:00+07', '0565d6e7-13ce-4919-b391-c627efc0772a', 'ab88eadb-3f49-47cb-9dbe-6a0bc92784ba');
INSERT INTO public.time_sheet_details (id, created_at, updated_at, deleted_at, date, start_time, end_time, time_sheet_id, work_id) VALUES ('91438682-4aca-436f-b44c-ee776cb2da4f', '2024-08-08 19:37:18.478981+07', '2024-08-08 19:39:55.337489+07', NULL, '2024-08-07 00:00:00+07', '2024-08-07 10:00:00+07', '2024-08-07 12:00:00+07', '3839e12f-8713-4bae-9ab7-a5cd11800c2b', 'ab88eadb-3f49-47cb-9dbe-6a0bc92784ba');
INSERT INTO public.time_sheet_details (id, created_at, updated_at, deleted_at, date, start_time, end_time, time_sheet_id, work_id) VALUES ('24a1a753-e891-4bac-9105-016aafe1eb75', '2024-08-08 21:17:49.379033+07', '2024-08-08 21:19:08.813248+07', NULL, '2024-08-07 00:00:00+07', '2024-08-07 12:00:00+07', '2024-08-07 13:00:00+07', 'ce916de9-6ac5-4461-b101-748c03981308', 'ab88eadb-3f49-47cb-9dbe-6a0bc92784ba');


--
-- PostgreSQL database dump complete
--

